{"cameraMode":{"drawMode":0,"name":"Shaded","section":"Shading Mode"},"sceneLighting":false,"audioPlay":false,"sceneViewState":{"showFog":true,"showMaterialUpdate":false,"showSkybox":false,"showFlares":true,"showImageEffects":true,"showParticleSystems":true},"in2DMode":false,"pivot":{"x":-1.970898151397705,"y":1.0599308013916016,"z":0.44428980350494387},"rotation":{"x":-0.4713371694087982,"y":-0.0034420951269567014,"z":0.0018396007362753153,"w":-0.8819453716278076},"size":0.8832391500473023,"orthographic":false}